mdid,profit,revenue,total.cost,vessel.maint.cost,safe.equip.cost,oil.change.cost,bank.fee,mooring.fee,storage.hauling.fee,permit.cost,admin.cost,total.fuel.cost,total.bait.cost,total.labor.cost,mean.price,fuel.price,bait.price,daily.wage,vessel.age,engine.age,vessel.ft,engine.hp,num.crew,steam.time,soak.days,traps.hauled.per.trip,traps.per.line,active,resource.stock,dependence,experience,primary.zone
6,-1950,5400,7350,700,400,250,400,0,550,750,100,1700,2500,0,3.857142857142857,3.4,0.1826217173746302,0,22,8,34,126,0,35,4,150.02191780821917,2,2,38.89958899414768,10,8,2
13338,-1325,15300,16625,3000,2000,150,0,575,600,500,0,3500,800,5500,4.636363636363637,3.5,0.1533658322835077,105.47945205479452,33,5,30,300,1,20,3,100.03835616438356,1,2,18.19514842124033,10,3,7
15562,435,8100,7665,2300,900,0,300,350,0,265,50,1500,2000,0,7.363636363636363,3,0.1614865994959311,0,25,25,17,85,0,41.666666666666664,5,73.08282402528978,1.6666666666666667,3,39.69097803703954,60,3,3
14027,970,5200,4230,500,150,50,0,0,400,180,0,2500,450,0,4.333333333333333,3.125,0.05751953838287926,0,47,47,32,170,0,7.5,2,50.01278538812785,1,2,31.107390190274387,25,60,1
13940,1156,29900,28744,1500,1000,180,1500,0,0,564,2000,12000,10000,0,3.7848101265822787,2.9313333333333333,0.25570122407828844,0,19,19,21,75,0,45,3.3333333333333335,250.0063926940639,1,3,39.69097803703954,75,17,3
10468,2150,4600,2450,300,200,150,0,0,0,120,80,800,800,0,3.2857142857142856,2.6666666666666665,0.15333643657074011,0,17,7,16,50,0,10,3,100.05753424657534,1,1,29.8204857679417,50,2,5
13,2150,35000,32850,8000,300,700,1900,0,400,750,200,7000,6600,7000,2.3333333333333335,3.6842105263157894,0.21094541901430958,44.74885844748858,38,1,37,250,1.5,30,3,300.0191780821918,2,2,31.107390190274387,90,23,1
13687,2325,16000,13675,10000,100,300,0,200,925,150,100,700,1200,0,3.2,3.5,0.15338543568767804,0,52,5,35,130,0,20,3.5,150.03835616438354,2,2,31.107390190274387,33,3,1
14620,2894,5400,2506,600,300,6,0,100,0,300,100,250,850,0,3.857142857142857,3.5714285714285716,0.2171849905095634,0,25,1,20,50,0,30,3,100.07671232876713,1,1,29.8204857679417,10,5,5
14007,2905,8300,5395,500,0,75,120,400,0,200,0,900,3200,0,4.611111111111111,3,0.5113338050996415,0,32,12,20,130,0,25,3.6666666666666665,68.58238747553817,1,3,18.19514842124033,15,2,7
13625,3240,17500,14260,7100,220,20,250,10,0,320,0,1320,1300,3720,7,3.251231527093596,0.06647721876849126,57.07397260273972,12,1,20,75,0.5,10,5.5,150.0153424657534,1,2,29.8204857679417,50,50,5
11891,4209,4799,590,0,0,0,0,0,0,128,0,138,324,0,2.6661111111111113,3,0.06470017686997204,0,55,3,15,150,0,10,5,32.01278538812785,1,2,31.107390190274387,5,40,1
64,4667,6524,1857,170,0,30,0,0,0,395,146,221,895,0,4.957446808510638,2.7116564417177913,0.24959413563339738,0,1,2,14,150,0,42.333333333333336,8.666666666666666,30.564079147640793,1,3,18.19514842124033,2,30,7
12718,4760,9000,4240,700,200,40,200,500,0,500,100,1000,1000,0,4.5,3.3333333333333335,0.15495038820606186,0,23,2,24,115,0,10,2,55.00852359208524,1,3,38.89958899414768,3,40,2
10394,7263,21000,13737,4500,400,150,45,0,450,280,0,3912,4000,0,3,2.9107142857142856,0.17045731261871133,0,41,16,38,340,0,25,2,200.01704718417048,2,2,31.107390190274387,50,50,1
35,8200,12000,3800,500,150,80,25,0,20,500,25,500,2000,0,4,8.064516129032258,0.12783753675329182,0,23,2,21,115,0,10,3.5,150.0191780821918,2,2,26.124219430383125,25,3,6
14501,9050,32000,22950,3000,500,450,0,800,800,400,200,3000,9000,4800,4,2.5,0.35404297407337676,40.91324200913242,11,8,35,420,1,13.333333333333334,3.6666666666666665,216.6751902587519,1,3,29.8204857679417,15,50,5
13627,9400,19000,9600,1200,500,80,100,20,0,600,300,4300,2500,0,4.75,3.025,0.12784080532402164,0,40,40,22,115,0,25,4,125.01278538812785,1,2,26.124219430383125,80,7,6
11153,9890,15000,5110,1000,50,100,200,150,300,510,550,750,1500,0,5,3.75,0.2875609355315769,0,24,6,31,225,0,20,5,100.03835616438356,1,2,31.107390190274387,10,40,1
13138,11000,140000,129000,45000,5000,1000,1000,500,500,7000,500,8000,30000,30500,3.5,2.6666666666666665,0.5114155251141552,89.98946259220232,28,1,38,220,1.368421052631579,120,4.5,236.8421052631579,7.5,4,21.921216775531235,100,24,7
27,11750,15000,3250,500,200,0,100,0,200,450,500,300,1000,0,5,3,0.10652220227044465,0,61,2,17,150,0,5,3,80.01704718417047,1,2,31.107390190274387,70,30,1
15033,11816,15000,3184,500,0,30,0,0,750,504,0,500,900,0,5,3.3333333333333335,0.06275587962824612,0,9,9,36,430,0,20,2.5,100.01394769613947,1,2,31.107390190274387,100,1,1
12643,12600,16000,3400,800,125,0,0,25,0,150,0,800,1500,0,4,2.909090909090909,0.20918626542748706,0,17,17,22,50,0,10,2,50.006973848069734,1,3,32.34327550700706,15,50,4
15167,13630,22000,8370,700,150,240,280,0,200,600,200,2000,4000,0,3.6666666666666665,3.0363344051446948,0.23602400701328477,0,16,10,28,200,0,35,4,92.86262230919766,2,3,29.8204857679417,80,40,5
14082,13715,26000,12285,3500,100,105,0,80,400,400,200,2500,5000,0,4.333333333333333,3.5714285714285716,0.23245079514775568,0,35,4,30,260,0,53.333333333333336,2.6666666666666665,150.00697384806975,1,3,32.34327550700706,100,4,4
11969,13880,24000,10120,3500,500,320,200,300,300,800,200,2000,2000,0,4,2.9313333333333333,0.17044278600908214,0,34,6,33,452,0,20,3,150.0255707762557,1.5,2,39.69097803703954,100,50,3
10136,14129.36,23744,9614.64,2400,14,180,400,0,1200,585,415,696,2300,1424.64,4.133704735376044,2.6769230769230767,0.22050565644944803,13.660931506849316,11,11,28,150,1,15,3,100.01917808219179,1,2,38.89958899414768,100,25,2
12399,15060,40000,24940,3500,3000,600,700,0,500,1000,200,3600,5700,6140,4,2.949996237489653,0.13453844714308114,36.231822971549,16,5,32,301,1,30,3,250.00590094836667,1,3,32.34327550700706,100,25,4
54,15755,26000,10245,1500,300,90,200,60,380,365,150,2200,5000,0,4.333333333333333,3.142857142857143,0.2996395763952503,0,15,6,28,400,0,15,4.333333333333333,182.86810176125246,2,3,29.8204857679417,40,30,5
79,16402.85,25674,9271.15,1000,250,200,200,700,500,655,250,816.15,4700,0,3.652582159624413,2.9678181818181817,0.2720959034679822,0,16,13,24,100,0,15,3,132.50767123287673,2,3,32.34327550700706,25,15,4
11379,17130,70000,52870,6000,1000,500,0,20,250,700,0,12000,15000,17400,2.3333333333333335,1.5384615384615385,0.7191091265221142,166.84931506849315,25,16,36,220,1,40,3,200.0191780821918,2,2,31.107390190274387,50,33,1
10680,17375,33000,15625,3000,120,420,0,875,995,215,0,4000,6000,0,3,3.0363344051446948,0.2645136098550213,0,31,8,30,300,0,35,3.3333333333333335,116.00511415525114,2,3,29.8204857679417,50,55,5
14476,17644,26500,8856,200,0,120,300,36,0,700,0,4000,3500,0,4.076923076923077,3.025,0.22371568931826066,0,12,5,24,115,0,20,4,150.0191780821918,1,2,26.124219430383125,15,40,6
15316,18667,24000,5333,1300,100,48,150,175,800,550,50,1080,1080,0,4,0.75,0.1840154806674212,0,10,4,20,225,0,3,7,150.07671232876712,2,1,39.69097803703954,70,30,3
10250,18700,40000,21300,2000,1500,1000,0,100,500,2000,200,10000,4000,0,4,2.857142857142857,0.4382601073737263,0,25,5,35,435,0,30,6,100.02191780821917,2,2,32.34327550700706,70,39,4
13572,19730,45000,25270,500,100,160,360,0,350,700,100,6000,14000,3000,4.090909090909091,2.949996237489653,0.5652259173385933,38.35616438356164,25,2,32,130,1,55,5.333333333333333,316.6794520547946,1.3333333333333333,3,32.34327550700706,25,14,4
14141,20100,27000,6900,1500,200,300,0,0,500,400,200,800,3000,0,3.857142857142857,2.857142857142857,0.12273470455272698,0,29,11,30,110,0,15,4,125.00511415525115,1,3,32.34327550700706,75,25,4
14937,21450,63000,41550,2000,1500,1100,500,200,350,600,300,4000,24000,7000,3.5,3,0.3835555139529733,44.74885844748858,30,4,32,225,1,20,3,400.00639269406395,5,3,18.19514842124033,100,52,7
13897,22600,64500,41900,3000,0,300,0,600,0,500,0,2500,8000,27000,4.448275862068965,2.9313333333333333,0.5289805788558906,258.90410958904107,9,9,20,120,1,10,5.5,145.0191780821918,1,2,39.69097803703954,25,50,3
11832,23040,110000,86960,25000,5000,960,300,200,400,900,200,25000,15000,14000,4.4,2.5,0.37118868758285456,97.63387297633874,20,15,36,300,1,35,3.75,281.81818181818187,2,4,38.89958899414768,100,10,2
14502,24300,57000,32700,3000,0,3200,1500,0,0,600,0,4000,9000,11400,3.3529411764705883,3.0363344051446948,0.3138122207444822,79.50186799501869,28,1,35,400,1,23.333333333333332,3.6666666666666665,200.00697384806975,1,3,29.8204857679417,50,25,5
13678,24750,80000,55250,6000,1500,800,1500,0,400,800,250,12000,20000,12000,3.6363636363636362,3,0.398505603985056,57.534246575342465,16,16,34,210,1,30,4.75,240.625,2.75,4,31.107390190274387,100,10,1
14267,25100,100000,74900,25000,700,1000,3000,1500,500,600,2000,10000,15000,15600,5,2.5,0.25570340353406457,79.78082191780823,32,2,36,300,1,20,5,300.00511415525114,1,3,32.34327550700706,50,30,4
10959,25763,30090,4327,100,200,140,180,10,0,400,0,700,2597,0,3.8611574489926856,2.734375,0.15323858655337513,0,53,12,36,115,0,30,4,100.0059009483667,1,3,31.107390190274387,100,40,1
11360,26400,50000,23600,7000,150,450,0,0,0,800,200,10000,5000,0,2.5,1.6666666666666667,0.15341524246183247,0,9,9,22,120,0,32.5,4,250.0153424657534,2,2,39.69097803703954,100,6,3
10104,26890,36200,9310,1500,400,40,0,0,200,500,0,2170,4500,0,3.9347826086956523,3.1,0.2465483234714004,0,47,14,34,350,0,30,2,175.01917808219176,1,2,31.107390190274387,98,46,1
15170,27310,40000,12690,1000,500,390,1500,50,0,450,300,2500,6000,0,4,3.0363344051446948,0.29503291021867556,0,11,4,23,115,0,30,3.3333333333333335,130.00639269406392,2,3,29.8204857679417,40,42,5
12073,28073,63000,34927,2500,500,320,0,100,600,407,200,3700,12000,14600,4.846153846153846,2.642857142857143,0.3258488313567434,101.8181818181818,29,3,37,175,1,45,3.6666666666666665,256.8251556662515,2,3,18.19514842124033,50,39,7
21,29300,40000,10700,2000,500,150,100,100,100,700,50,4800,1200,1000,4,4,0.3831941973450116,15.342465753424657,2,3,20,90,1,60,4,48.046027397260275,2,2,26.124219430383125,25,40,6
11930,29428,81000,51572,1400,0,1590,580,100,300,10902,0,9500,11000,16200,3.6818181818181817,3,0.28411239781639325,112.97633872976337,15,15,40,450,1,21.666666666666668,7.666666666666667,270.0069738480697,2,3,18.19514842124033,25,23,7
102,30385,54000,23615,3400,225,990,275,625,0,350,650,6700,10400,0,4.153846153846154,3.0454545454545454,0.46247695159079677,0,29,11,37,375,0,26.666666666666668,4.333333333333333,143.75639269406392,1.6666666666666667,3,32.34327550700706,75,42,4
53,30677,64000,33323,2600,300,260,450,1250,600,2000,300,4428,8335,12800,4.571428571428571,3,0.25575105640594037,109.10197869101978,25,25,32,225,1,40,5.666666666666667,277.786301369863,2.3333333333333335,3,18.19514842124033,50,7,7
14017,30964,42000,11036,3000,500,800,400,0,200,611,25,3500,2000,0,4.2,2.8291187177795694,0.06973604905432935,0,33,5,30,186,0,30,2.6666666666666665,169.23667017913593,2,3,38.89958899414768,30,10,2
11249,31000,70000,39000,2500,1000,2500,200,50,400,400,200,8000,11000,12750,3.5,3,0.26787779901859315,57.53424657534246,4,4,40,575,1,53.333333333333336,3.3333333333333335,185.29863013698628,2,3,31.107390190274387,100,35,1
15463,31450,75000,43550,10000,200,600,500,100,350,700,100,10000,6000,15000,3,1.4285714285714286,0.12273721523870196,76.7123287671233,12,12,35,230,1,20,3,250.00511415525116,2,3,31.107390190274387,100,25,1
12260,31600,100000,68400,5000,2500,1500,0,0,1500,900,0,16000,21000,20000,4,5,0.7159329165986854,170.4718417047184,4,4,33,490,1,35,4.5,250.01704718417045,2,2,18.19514842124033,90,17,7
13533,32075,42200,10125,1000,200,150,500,525,0,700,50,3000,4000,0,4.137254901960785,3,0.16859141869678834,0,7,7,23,90,0,10,3.6666666666666665,130.0054794520548,2,3,29.8204857679417,90,40,5
12842,32800,80000,47200,10000,300,160,0,1200,2000,840,200,8000,8500,16000,4,3,0.13584257785834472,102.28310502283104,31,4,30,300,1,20,2.6666666666666665,400.00639269406395,1.6666666666666667,3,31.107390190274387,100,25,1
11474,32950,107000,74050,10000,2000,9000,5000,2000,500,1000,1500,12000,15000,16050,5.35,3,0.1353746978243352,36.21273166800967,35,7,31,420,2,111.25,4.5,499.99999999999994,18.75,4,18.19514842124033,75,46,7
14392,33080,46000,12920,3500,200,120,0,0,0,600,500,2500,2500,3000,3.5384615384615383,3.3333333333333335,0.19175140252454417,23.013698630136986,39,12,36,210,1,37.5,4,100.01534246575342,1,2,39.69097803703954,30,63,3
12781,33515,61000,27485,10000,200,1000,0,1600,0,585,100,7000,7000,0,3.8125,2.949996237489653,0.15793358409318725,0,6,6,32,265,0,35,2.3333333333333335,261.5443624868282,1.6666666666666667,3,32.34327550700706,100,12,4
11311,34140,51000,16860,2000,500,560,275,450,500,275,300,6000,6000,0,4.25,5,0.4425384850432528,0,32,2,32,210,0,16.666666666666668,4,94.5524283935243,1,3,29.8204857679417,50,50,5
12914,34280,110000,75720,1000,200,800,0,20,600,500,100,7000,8000,57500,3.6666666666666665,1.75,0.24066612946548477,339.304531085353,21,11,42,375,1,120,5.5,196.1538461538462,15,4,31.107390190274387,100,15,1
10143,34870,43000,8130,2000,500,120,0,610,0,500,0,2000,2400,0,4.3,2.9411764705882355,0.13149964385513122,0,33,3,22,100,0,18.333333333333332,3,100.0054794520548,1,3,18.19514842124033,25,34,7
150,36189,67513,31324,1800,1280,900,680,1060,480,880,300,5121,16423,2400,3.2149047619047617,3,0.39995129375951294,16.73723536737235,34,4,32,375,1,21.25,9.75,286.3636363636363,5,4,29.8204857679417,90,41,5
77,36623,53733,17110,5000,300,600,300,0,800,400,1910,3200,4600,0,3.7559765133510417,3.595505617977528,0.15682874739126093,0,12,3,19,90,0,21.666666666666668,3.3333333333333335,150.00511415525114,1.6666666666666667,3,39.69097803703954,100,26,3
14122,36950,65000,28050,6000,800,250,0,0,400,900,0,2100,4600,13000,4.333333333333333,3,0.11027132911197333,99.72602739726027,22,9,25,150,0.625,21.666666666666668,3.3333333333333335,200.00479452054796,1,3,31.107390190274387,50,49,1
11433,37275,65000,27725,1000,200,50,125,0,450,900,0,6000,9000,10000,3.25,2.142857142857143,0.6135731138105082,142.49363867684477,32,4,30,250,1.0767123287671232,45,6,225.04602739726027,1,3,32.34327550700706,50,20,4
68,37308.442500000005,53399,16090.557499999999,1000,300,400,200,5,800,531,100,3920.25,2761,6073.3075,5.027681009321157,2.949996237489653,0.17649100057530567,38.824796803652966,39,8,37,350,1,5,7.666666666666667,100.00639269406393,1,3,32.34327550700706,60,31,4
15171,37462.25,75748,38285.75,7000,200,600,0,0,400,600,1350,2510,9755,15870.75,5.224,2.51,0.22271181023264308,101.45684931506848,19,19,31,175,1,18.333333333333332,3,280.0063926940639,2,3,34.2242697118237,50,20,1
12358,37930,91000,53070,1000,0,800,5000,0,600,700,500,12000,17000,15470,2.5277777777777777,2.949996237489653,0.37799437455430807,84.76712328767124,24,7,35,260,1,38.333333333333336,4.333333333333333,246.43405088062624,2,3,32.34327550700706,100,7,4
14440,39007,89000,49993,7000,1000,600,150,150,808,735,300,7000,10000,22250,3.7083333333333335,3.5,0.2841116640014286,94.82496194824961,32,8,35,220,1,35,3,150.00426179604264,2,3,39.69097803703954,100,20,3
10881,39200,76000,36800,2000,1000,600,500,0,500,700,500,16000,10000,5000,4.75,3.2,0.18049633914746419,34.8692403486924,17,3,35,300,0.6470588235294118,28.333333333333332,4,250.0045124899275,1.3333333333333333,3,32.34327550700706,80,10,4
14222,40050,121000,80950,10000,3000,900,1050,0,600,1300,1500,22000,26000,14600,4.101694915254237,2.75,0.4155251141552511,70,29,29,35,550,1,32.5,4.75,300,2,4,29.8204857679417,100,37,5
10675,40390,75000,34610,2000,200,210,0,1400,0,600,0,10000,9000,11200,5,3.0363344051446948,0.43146547591326856,107.39726027397259,13,7,20,75,1,32.5,5,200.0191780821918,1,2,29.8204857679417,80,15,5
11990,40400,116000,75600,4000,2000,1000,0,100,700,1300,100,9000,40000,17400,3.7419354838709675,3.4615384615384617,1.095860387386647,166.84931506849315,23,5,38,430,1,16.666666666666668,3.3333333333333335,350.00958904109586,2,3,26.124219430383125,100,55,6
13355,41775,71000,29225,1500,300,600,0,400,800,375,100,4500,8000,12650,4.4375,3.75,0.3068493150684931,69.31506849315068,24,21,28,250,1,20,5.5,142.85714285714283,1,4,29.8204857679417,80,36,5
10604,41850,90000,48150,3000,1000,400,500,2000,500,700,50,6000,15000,19000,4.5,4.444444444444445,0.2585808834846852,132.5031133250311,19,10,32,423,1,41.25,6.5,404.54545454545456,10,4,18.19514842124033,60,45,7
12401,42282,60000,17718,1000,90,600,0,0,400,400,28,1200,14000,0,3.75,2.4,0.3550232621747167,0,16,16,28,186,0,25,3.3333333333333335,232.6982086406744,1.3333333333333333,3,32.34327550700706,60,20,4
10655,42300,100000,57700,10000,3000,400,800,900,1500,500,100,7000,12000,21500,5,3.5,0.3068414688939461,109.95433789954339,20,20,36,360,1,21.666666666666668,4.666666666666667,200.00511415525114,2,3,18.19514842124033,100,46,7
11794,42590,73000,30410,3000,200,750,300,350,300,550,200,5000,11000,8760,4.866666666666666,3.0363344051446948,0.42190162569106937,67.2,14,1,38,490,1,30,5,200.0076712328767,2,3,29.8204857679417,75,42,5
13692,43280,155000,111720,30000,1000,2520,1000,1200,1000,900,100,20000,20000,34000,3.875,3.3333333333333335,0.3933888198897387,144.90106544901064,36,2,36,360,1,11.666666666666666,3.3333333333333335,216.6709284627093,2,3,39.69097803703954,80,15,3
10461,45200,100000,54800,2000,600,600,500,200,0,700,200,14000,18000,18000,4,3.0363344051446948,0.41842115749903697,125.52926525529263,25,9,36,300,1,15,3.3333333333333335,300.0069738480697,1.3333333333333333,3,29.8204857679417,70,20,5
11780,45335,94000,48665,6000,1000,250,250,0,400,765,0,12000,10000,18000,3.4814814814814814,3,0.24745300160490943,114.33756805807622,12,12,31,210,1.006392694063927,53.75,6.25,258.33972602739726,1.5,4,31.107390190274387,100,12,1
10621,45600,85000,39400,9000,400,600,900,0,1000,700,200,7000,5000,14600,8.5,2.949996237489653,0.3195734151441276,140,10,10,38,450,2,3,3,300.05753424657536,3,1,32.34327550700706,50,41,4
12796,46390,70000,23610,1000,100,210,300,0,400,1000,200,3000,9000,8400,4.666666666666667,3,0.18914971199704567,80.54794520547945,8,3,28,250,0.6153846153846154,5,3,280.77513171759745,2,3,26.124219430383125,60,35,6
14229,46900,78000,31100,3000,300,300,0,0,400,600,0,3000,4000,19500,4.333333333333333,3,0.056823140006128765,83.10502283105022,11,4,34,370,1,30,3,300.00426179604267,2,3,31.107390190274387,67,60,1
12351,47000,160000,113000,30000,1000,1200,200,1000,1500,800,300,20000,25000,32000,4,2.9313333333333333,0.43096813914114207,136.37747336377473,27,7,35,320,1,63.75,4.25,247.22222222222223,2.75,4,39.69097803703954,100,5,3
14839,48440,147000,98560,9000,5000,1000,1000,100,1000,1000,1000,13000,40000,26460,3.675,3.0363344051446948,1.2784979475541876,169.15068493150685,13,6,38,300,1,65,4,200.00639269406392,1.6666666666666667,3,29.8204857679417,60,45,5
13762,49365,88000,38635,7300,300,320,400,165,455,655,200,4000,9000,15840,4.888888888888889,2.8291187177795694,0.27614743643129847,121.51232876712328,35,35,32,220,1,12.5,5,250.0153424657534,2,2,38.89958899414768,75,25,2
13530,50216,94000,43784,2500,600,300,250,544,0,786,200,6204,17000,15400,3.9166666666666665,2.5764119601328903,0.4346920809330903,78.7579908675799,26,10,35,375,1,15,3.3333333333333335,200.00511415525114,2,3,29.8204857679417,65,43,5
12026,50940,102000,51060,2500,1100,450,0,750,660,1000,200,8000,16000,20400,3.4,2,0.5578689406467294,120.37934668071654,15,6,37,375,1.625,17.5,4.5,275.0191780821918,1.5,2,32.34327550700706,80,17,4
10674,52430,98000,45570,4000,2200,300,600,1000,1200,800,200,10000,11500,13770,3.769230769230769,3.0363344051446948,0.3637904250812032,117.36986301369862,15,6,42,225,1,12.5,5.75,269.44444444444446,5,4,29.8204857679417,100,20,5
12157,52680,118000,65320,6500,3900,1500,2000,2600,0,820,300,11000,19000,17700,4.214285714285714,3.3333333333333335,0.20821917808219176,37.71689497716895,17,9,38,375,2,65,6.75,388.88888888888897,12,4,18.19514842124033,100,49,7
10,53178.31,70953,17774.690000000002,1550.4,75,360,388.09,20,190,631,1195.01,3116.19,10249,0,4.210860534124629,3.0363344051446948,0.5240961655063592,0,12,6,26,200,0,11.5,5,150.0153424657534,1,2,29.8204857679417,40,15,5
13071,53250,85000,31750,8000,450,700,0,100,0,500,1000,8000,13000,0,4.25,3.8095238095238093,0.42985356636750116,0,36,7,35,220,0,53.75,5.25,165.71428571428572,1.75,4,29.8204857679417,100,49,5
13704,54000,97000,43000,5000,1000,2100,2000,1200,1500,1000,500,7000,9000,12700,3.5925925925925926,3.888888888888889,0.2557077625570776,108.24961948249619,9,9,36,300,1,47.5,3.5,300,2,4,29.8204857679417,75,18,5
12822,55200,90000,34800,12000,500,0,100,3050,0,700,50,5800,12600,0,4.5,2.761904761904762,0.4069659465937942,0,8,8,29,265,0,21.666666666666668,3,182.6982086406744,2,3,21.36677682489745,95,14,7
70,55772,87000,31228,1000,250,300,500,18,0,700,0,5000,10000,13460,4.142857142857143,2.7777777777777777,0.17434316213665016,86.04566210045661,9,2,30,419,1,10,3,366.6730593607306,5,3,26.124219430383125,100,20,6
13358,56330,121000,64670,5000,500,720,0,0,0,1200,0,10000,26000,21250,4.481481481481482,3.3333333333333335,0.8863931348364678,181.1263318112633,17,17,36,210,1,40,4.5,250.01704718417045,1.5,2,32.34327550700706,40,21,4
129,57299.16,117152,59852.84,1900,1000,2000,200,0,0,871,200,10776,22990,19915.84,4.314672952268709,3.592,0.8826570208611568,215.88986449864498,27,10,38,370,1.010958904109589,95,7.5,285.43953033268104,2.5,4,32.34327550700706,67,25,4
139,57620,100000,42380,4000,500,720,200,60,600,600,700,10000,9000,16000,5,4.3478260869565215,0.2906993511175198,87.67123287671231,43,23,34,250,1,20,4.25,169.64285714285714,2,4,18.19514842124033,45,38,7
52,58568,105500,46932,3200,500,1092,450,50,600,945,868,5642,13150,20435,4.22,2.9313333333333333,0.7205084652895731,223.94520547945206,24,2,37,225,1,21.666666666666668,5,200.0109589041096,2,3,39.69097803703954,50,25,3
12642,58670,75000,16330,600,0,180,0,0,0,550,0,3000,12000,0,5,2.142857142857143,0.25570231380153235,0,40,5,37,230,0,41.666666666666664,18.666666666666668,200.0042617960426,1,3,32.34327550700706,80,35,4
49,59790,112400,52610,3100,400,1200,700,100,0,735,200,6700,17400,22075,3.5125,3.1411157993436474,0.3749342018180307,120.95890410958904,8,8,35,260,1,35,4.333333333333333,254.29119373776908,2,3,39.69097803703954,95,20,3
13806,60170,105000,44830,2000,0,0,100,0,0,730,0,4000,17000,21000,4.2,2.3529411764705883,0.35246205109218803,115.06849315068493,23,11,35,250,1,35,5.5,264.28571428571433,1,4,32.34327550700706,95,31,4
12824,61556.4,125000,63443.6,5327,1600,2000,370,500,0,1600,1500,13769,14722,22055.6,5,3,0.2509643671218999,70.49735159817351,9,2,38,370,2,18.333333333333332,2.3333333333333335,375.0063926940639,1.6666666666666667,3,31.107390190274387,75,20,1
11792,61640,100000,38360,5000,2500,960,200,500,500,700,500,5000,14000,8500,4,2.5,0.39775632960200014,81.5068493150685,5,5,34,375,0.8,30,5.666666666666667,270.0076712328767,2,3,29.8204857679417,50,11,5
15602,62555,135000,72445,3000,2500,945,500,800,0,1200,500,15000,30000,18000,3.857142857142857,3,0.6594038047599535,106.21707060063224,36,7,38,425,1,16.666666666666668,3,268.4674394099051,8,3,26.124219430383125,90,35,6
13659,64230,108000,43770,2000,2000,490,250,30,300,800,200,9000,11000,17700,4.32,3,0.1562636350168541,75.4337899543379,38,4,34,350,1,20,3,300.00426179604267,7,3,26.124219430383125,33,35,6
15582,64242,74000,9758,350,260,390,350,400,650,368,0,2147,4843,0,6.166666666666667,2.8626666666666667,0.17690031778500198,0,31,21,25,210,0,25,2.5,175.01278538812787,1,2,39.69097803703954,80,50,3
10056,65570,110000,44430,700,500,480,200,0,600,700,50,4000,20000,17200,3.6666666666666665,1.2698412698412698,0.4794405613564058,82.46575342465754,39,10,36,200,1,20,2.9305555555555554,200.00479452054796,2,3,32.34327550700706,70,30,4
14710,68360,115400,47040,800,300,400,400,250,580,810,120,4300,20000,19080,4.063380281690141,3.0714285714285716,2.0728764121470555,292.73424657534247,17,13,32,220,1,30,3.5,148.03068493150687,2,2,29.8204857679417,100,32,5
11087,68430,112000,43570,1000,200,500,500,70,0,700,200,4000,18500,17900,3.5,3.025,0.4223551436007488,114.42922374429223,9,9,37,225,1,15,3,280.0127853881279,7,2,26.124219430383125,35,42,6
114,68862.6,165237,96374.4,21273,600,450,1831,4800,600,507,299,11967,21000,33047.4,4.798379602741317,2.99175,0.397767630644343,230.46754669987544,11,5,40,660,1,112.5,7.25,368.18181818181813,15,4,18.19514842124033,100,46,7
15421,69210,115000,45790,2500,1000,440,100,100,750,1000,400,5500,11000,23000,4.6,3.9285714285714284,0.30028917457525656,147.03196347031962,18,7,37,375,1,65,5.666666666666667,234.17305936073058,2,3,18.19514842124033,100,42,7
126,69520,149000,79480,6000,3000,1500,2000,2000,200,1000,1000,10000,20000,32780,4.382352941176471,2.7777777777777777,0.6670637284097678,104.77625570776254,7,7,38,800,1.8461538461538463,41.25,8,176.9230769230769,2,4,32.34327550700706,95,55,4
14650,69800,126000,56200,3500,300,500,1100,350,500,750,100,4000,24000,21100,4.846153846153846,2,0.3835555139529733,101.16438356164382,16,6,34,225,1,38.333333333333336,4,300.0047945205479,1,3,32.34327550700706,40,30,4
14729,69880,100000,30120,5000,200,600,0,20,450,650,700,5500,17000,0,5,3.6666666666666665,0.30152288058236987,0,13,10,28,260,0,1,3,227.63561643835618,1,3,32.34327550700706,60,41,4
13160,69920,144000,74080,10000,1000,1500,1500,500,1000,1000,100,15000,18000,24480,6,1,0.6903579999342516,187.7917808219178,2,2,38,500,1,37.5,4.5,200.01534246575343,2,2,32.34327550700706,80,10,4
11772,70250,130000,59750,4000,0,1800,700,0,1200,2000,50,7000,17000,26000,4.333333333333333,1.1666666666666667,0.34591062425240426,132.96803652968035,20,7,36,500,1,41.666666666666664,4.333333333333333,251.33844748858448,2,3,39.69097803703954,100,38,3
10071,70600,100000,29400,5000,1000,1000,300,2000,400,700,0,4000,15000,0,5,3.076923076923077,0.319634703196347,0,8,8,38,375,0,60,5.25,225.00000000000003,3.5,4,31.107390190274387,67,22,1
10007,71550,134000,62450,20000,500,450,640,0,560,700,0,7000,9000,23600,2.392857142857143,2.949996237489653,0.23013110167045958,150.8675799086758,47,1,38,185,1,40,4.333333333333333,250.0063926940639,1.3333333333333333,3,32.34327550700706,60,13,4
13303,72895,136000,63105,4500,200,300,500,0,350,555,200,3500,25000,28000,4,2.9166666666666665,0.4917360248621734,165.22655426765016,12,8,36,220,1,16.666666666666668,4,300.00590094836673,2,3,32.34327550700706,90,40,4
15093,73190,110000,36810,2000,2000,1560,1000,250,0,1000,2000,10000,17000,0,3.6666666666666665,2.8291187177795694,0.434703196347032,0,9,9,36,435,0,23.75,3,249.99999999999997,2,4,38.89958899414768,70,15,2
10249,73600,95000,21400,400,200,200,175,25,600,800,200,1800,11000,6000,4.75,3,0.46875760970145613,51.14155251141552,34,34,31,220,1,22.5,4,200.01704718417048,2,2,32.34327550700706,65,56,4
10537,77175,185000,107825,15000,500,1125,5000,0,1500,900,100,5000,38000,40700,3.7,1.6129032258064515,0.6477819556196303,208.1461187214612,21,6,35,375,1,26.666666666666668,3.6666666666666665,300.00511415525114,2,3,39.69097803703954,100,25,3
125,77900,155000,77100,10000,1000,600,3000,600,250,1200,100,6000,28000,26350,4.428571428571429,3,0.7536649843787551,168.44748858447485,32,1,40,400,1,60,9.75,237.5,2,4,32.34327550700706,80,25,4
14548,78570,97000,18430,4000,0,280,600,550,0,500,0,2500,10000,0,4.409090909090909,3,0.42617960426179596,0,29,12,30,130,0,37.5,4.75,150,1,4,18.19514842124033,100,60,7
10256,79662.12,136966,57303.880000000005,7000,1000,600,0,0,500,700,250,9600,13000,24653.88,4.897589930630051,2.782608695652174,0.36596707301746884,157.6047123287671,3,3,43,385,0.8571428571428572,43.75,6.25,194.64285714285717,2,4,38.89958899414768,90,51,2
13252,79750,108000,28250,8000,1000,600,400,50,500,700,0,7000,10000,0,3.857142857142857,2.9166666666666665,0.2397202806782029,0,16,5,36,410,0,60,4.666666666666667,200.00479452054793,2,3,35.282356519020055,80,43,4
81,80666.8,127011,46344.2,2000,100,500,500,75,700,600,200,4267,12000,25402.2,4.1642950819672135,2.8618376928236082,0.3384271998775215,162.38849315068492,40,8,33,225,1,16.666666666666668,3.3333333333333335,226.6730593607306,2,3,38.89958899414768,100,10,2
14155,80785,111975,31190,2500,500,240,600,200,600,650,100,6000,19800,0,3.7356130108423686,4,0.8532801418439715,0,26,15,25,250,0,20,4,127.14833659491195,1,3,39.69097803703954,80,12,3
101,81200,142000,60800,5000,1000,2250,4500,0,0,800,1000,15000,12000,19250,4.733333333333333,3,0.2781047163580201,113.59325605900948,6,6,38,405,1,45,3.3333333333333335,254.62128556375134,1.3333333333333333,3,32.34327550700706,50,41,4
14759,82480,125000,42520,3000,300,660,1500,60,600,1000,400,10000,25000,0,3.5714285714285716,3.3333333333333335,0.9834527057593802,0,13,13,37,450,0,11.666666666666666,4.333333333333333,177.27970112079697,1,3,29.8204857679417,90,37,5
11986,82955,122000,39045,4000,300,400,800,25,600,600,20,4000,10000,18300,3.05,2.6666666666666665,0.5326677522942761,175.4794520547945,11,9,32,260,1,30,4.5,180.0191780821918,2,2,32.34327550700706,100,12,4
13732,84380,114000,29620,3500,0,600,750,20,1000,750,0,5000,18000,0,4.071428571428571,3.0363344051446948,0.7890065093037018,0,10,10,38,420,0,30,6,125.0054794520548,1,3,29.8204857679417,40,58,5
10177,84590,172000,87410,0,1000,360,800,800,1200,850,0,20000,40000,22400,3.44,2.949996237489653,0.852341046005108,143.19634703196346,17,8,40,375,1,60,4,300.0063926940639,3,3,32.34327550700706,100,40,4
10987,85650,166000,80350,9000,1000,1200,250,500,0,1000,200,12000,22000,33200,3.608695652173913,2.1818181818181817,0.5257417140204049,212.2374429223744,26,12,43,350,1,55,4.333333333333333,267.5063926940639,2,3,31.107390190274387,90,46,1
15297,86250,130000,43750,0,0,300,0,0,450,700,300,5000,11000,26000,4.333333333333333,3.3333333333333335,0.31251395151569267,221.6133942161339,29,4,37,225,1,20,3,300.01704718417045,2,2,35.78270947259836,80,12,2
11881,87710,158000,70290,7500,300,1200,150,0,700,1000,250,7500,30000,21690,4.157894736842105,2.8846153846153846,0.22128556375131717,63.995785036880925,32,9,37,300,1,20,2,400,7,4,26.124219430383125,100,22,6
11444,89080,135000,45920,2000,500,400,500,20,600,700,0,1200,13000,27000,4.5,3,0.225624496373892,115.06849315068493,39,7,35,140,1,45,3.75,245.55555555555557,2,4,32.34327550700706,75,30,4
58,91480,126000,34520,2000,1000,500,0,120,400,1100,1400,6000,22000,0,4.2,2.727272727272727,0.4687875753028094,0,3,3,40,405,0,50,3,240.00511415525114,2,3,31.107390190274387,100,37,1
14850,91605,148500,56895,4500,700,770,500,700,0,750,700,10000,12000,26275,3.857142857142857,3,0.20874103065883887,118.56567284448025,25,10,28,230,1,25,5,259.4117647058823,2,4,18.19514842124033,95,18,7
12096,91840,135000,43160,5000,200,270,990,1100,0,650,400,7500,8000,19050,4.5,3,0.17787970567261557,121.78082191780821,17,17,35,300,1,16.666666666666668,4.333333333333333,287.50639269406395,2,3,18.19514842124033,50,25,7
14409,91935,160000,68065,2500,0,720,75,1200,700,370,2500,12000,24000,24000,4,3.75,1.0957903387818464,263.013698630137,9,9,45,800,1,60,3.5,240.02191780821917,2,2,32.34327550700706,100,50,4
14645,92714,158000,65286,8000,300,150,1400,50,650,911,500,4500,28000,20825,4.157894736842105,3.75,0.5430855990185668,114.10958904109589,21,5,35,435,1,23.333333333333332,3.3333333333333335,282.5054794520548,8,3,26.124219430383125,95,45,6
10688,93520,157000,63480,3500,800,1000,0,0,0,800,100,12000,20000,25280,4.485714285714286,3,0.6598910001472971,149.17597471022125,7,7,36,450,1,51.25,4,178.84615384615384,2.25,4,31.107390190274387,95,31,1
13607,94230,135000,40770,4000,1000,600,1500,100,700,900,500,1200,12000,18270,3.857142857142857,1.3333333333333333,0.33472603271946966,140.15342465753423,24,24,36,175,1,15,3,275.01534246575346,8,2,26.124219430383125,75,48,6
13329,94900,240000,145100,35000,1000,1000,1000,500,1000,1000,100,9500,35000,60000,4,2.7142857142857144,1.0131230448275932,328.7671232876712,5,5,36,500,2,55,4,378.5933463796478,2,2,32.34327550700706,80,20,4
13267,96600,147000,50400,5500,2100,520,500,0,400,800,1000,10000,6000,23580,5.444444444444445,3.3333333333333335,0.14162276080084296,139.14436248682824,25,4,40,575,1,57.5,6.25,250.00000000000003,11,4,31.107390190274387,100,19,1
10933,97956,175000,77044,10000,500,400,0,24,600,320,200,5000,25000,35000,4.375,3.025,0.49174569722514927,244.08468244084682,23,6,31,225,1,56.25,4.75,354.54545454545456,9,4,26.124219430383125,100,10,6
10917,98150,150000,51850,5500,800,1500,350,900,0,1600,400,4500,9000,27300,5,3,0.20011466888169252,190.38605230386048,15,2,42,250,1,33.333333333333336,4.333333333333333,313.64333748443335,3,3,31.107390190274387,50,30,1
122,99094.65,179084,79989.35,15000,300,300,400,15,800,800,300,10722.75,24489,26862.6,4.27796091921074,2.7215101522842637,0.40662515566625157,114.48292237442921,17,14,38,440,1,56.25,5.5,256.66666666666663,2,4,32.34327550700706,90,7,4
12574,100529,200000,99471,10000,1000,1250,1000,300,1000,821,900,24000,30000,29200,4.444444444444445,2.949996237489653,0.5545469549430598,149.33333333333334,6,6,42,600,1,50,5.25,276.6666666666667,2.5,4,32.34327550700706,50,25,4
69,100559,175000,74441,8000,556,1200,300,25,400,860,850,10000,26000,26250,3.888888888888889,3.0303030303030303,0.7671006545644596,125.85616438356163,9,9,44,450,1.7777777777777777,61.666666666666664,5,288.89741248097414,1.6666666666666667,3,32.34327550700706,25,33,4
11408,100950,190000,89050,7500,500,1200,1000,50,500,1000,1000,18000,26000,32300,3.8,2.949996237489653,0.595365634645046,176.986301369863,5,5,36,375,1,25,4.333333333333333,239.29119373776908,1.6666666666666667,3,32.34327550700706,75,24,4
66,101100,202000,100900,5000,2500,1600,1000,500,1200,500,300,15000,40000,33300,4.488888888888889,2.949996237489653,0.7632921882496619,182.46575342465752,7,7,38,450,1,55,4,287.14833659491194,1.6666666666666667,3,32.34327550700706,80,25,4
28,101657,122543,20886,2400,250,120,0,0,970,781,4357,4768,7240,0,4.214720550300946,3.2996539792387543,0.528872493516929,0,8,8,38,430,0,15,4.5,150.02191780821917,1,2,39.21614461130443,100,10,2
11261,101801,194000,92199,600,0,1540,0,0,0,991,928,10000,26000,52140,4.409090909090909,3.3333333333333335,0.35458143074581433,210.51478010093726,5,2,36,420,1,40,2.75,296.05263157894734,2,4,31.107390190274387,100,50,1
92,102077,167000,64923,4800,250,600,300,20,600,900,100,6596,17357,33400,4.175,3.298,0.29588293167605056,170.81278538812785,21,5,36,300,1,60,4,300.00511415525114,2,3,32.34327550700706,75,40,4
161,102660,163000,60340,10000,1000,1000,600,800,300,1200,300,6500,22000,16640,4.075,2.8260869565217392,0.58194020375464794,126.67754214246872,18,8,35,260,1.0076712328767123,50,4.75,290.0076712328767,6,4,29.8204857679417,75,40,5
67,104150,130000,25850,2000,350,300,400,0,400,900,500,6000,15000,0,4.333333333333333,3.3333333333333335,0.3196278922519155,0,30,5,30,210,0,5,3.3333333333333335,300.0063926940639,1,3,31.107390190274387,70,23,1
13711,105400,215000,109600,15000,1500,2200,2500,0,2000,1200,800,18000,30000,36400,4.3,3,0.581142748030341,186.15525114155253,23,7,36,425,1,60,3.3333333333333335,264.0051141552512,2,3,32.34327550700706,95,25,4
13517,105490,166000,60510,4000,1000,500,0,200,550,700,400,8000,17000,28160,4.15,4,0.39517553763797936,180.01826484018264,16,8,32,225,1,35,5,275.0063926940639,1.3333333333333333,3,32.34327550700706,95,33,4
12271,105620,166000,60380,3000,2500,300,500,0,700,1000,500,5000,17000,29880,4.611111111111111,2,0.24150177574835108,127.34246575342466,16,3,35,265,1,33.75,3.75,300,2,4,38.89958899414768,100,8,2
12571,105650,220000,114350,25000,10000,600,1000,0,1000,750,0,12000,20000,44000,4.4,3,0.3486863242733004,306.8493150684932,25,5,31,225,1,80,4,400.0069738480697,3.3333333333333335,3,31.107390190274387,100,8,1
12989,105820,200000,94180,9000,1000,380,1500,0,3000,800,500,14000,24000,40000,4,4.242424242424242,0.6973645431639595,278.9539227895392,17,4,35,330,1,70,6.333333333333333,240.00697384806972,2,3,39.69097803703954,75,50,3
12636,108350,170000,61650,2000,600,500,0,1000,750,800,500,10000,17000,28500,4.25,3.3333333333333335,0.4346920809330903,182.1917808219178,12,2,38,375,1,40,5,250.0063926940639,2,3,32.34327550700706,90,47,4
10173,110450,180000,69550,2000,1000,1800,1000,400,0,650,100,10000,22000,30600,3.6,2.5,0.34094368340943676,130.41095890410958,14,5,38,500,1,15,4.75,275,2.5,4,39.69097803703954,99,30,3
13362,110829,197000,86171,11000,8000,360,0,500,500,811,0,10300,10700,44000,4.4772727272727275,3,0.1824017611876327,225.02283105022832,23,9,37,300,1,28.333333333333332,3.3333333333333335,300.0051141552512,2,3,31.107390190274387,70,20,1
12332,113120,337000,223880,40000,18000,8100,2000,2800,800,1000,600,37580,43000,70000,4.680555555555555,3.025,0.6343519494204425,206.5331928345627,13,13,56,550,2,172.5,4.25,400,14,4,22.952591026726004,95,28,6
15220,113260,172000,58740,4000,500,720,1200,1200,1200,800,100,4500,17000,27520,4.095238095238095,2.8291187177795694,0.3105022831050228,131.94520547945206,13,5,35,265,1,31.25,2.5,262.5,2,4,38.89958899414768,100,37,2
15762,114400,190000,75600,6000,1000,225,1000,0,0,1000,500,6500,18000,41375,4.75,2.6,0.6136567856560161,352.6636225266362,23,4,35,450,1,22.5,2.5,250.01704718417045,1.5,2,31.107390190274387,75,12,1
12876,115250,147500,32250,10000,1000,100,100,750,0,600,200,7500,12000,0,4.538461538461538,2.5,0.4975522207710283,0,32,2,35,250,0,60,3,231.26917808219176,2,2,38.89958899414768,75,40,2
11244,117340,213000,95660,15000,1500,2400,1250,60,900,1000,800,6000,20000,46750,5.195121951219512,1.7647058823529411,0.4446992641815389,275.8693361433087,10,1,40,375,1,30,3.3333333333333335,265.3905163329821,1,3,31.107390190274387,100,25,1
13639,117500,250000,132500,15000,1000,2000,1000,1000,500,1000,1000,40000,35000,35000,5,2.6666666666666665,0.47945205479452047,95.8904109589041,6,5,42,525,2,105,4,400,15.5,4,39.21614461130443,50,12,2
65,118300,215000,96700,10000,1000,150,100,1200,0,1500,2000,16000,11000,53750,4.777777777777778,3,0.2636923087460232,294.5205479452054,11,11,35,225,1.7500000000000002,60,5.666666666666667,400.0095890410959,10,3,31.107390190274387,70,30,1
157,119100,265000,145900,10000,1000,700,0,100,300,800,500,25000,28000,79500,4.076923076923077,3.125,0.3550322653685045,203.28767123287673,17,5,35,210,1.5,90,4,302.49999999999994,2.5,4,31.107390190274387,100,34,1
12171,121900,200000,78100,8000,1000,500,1000,1500,1500,800,800,6000,17000,40000,4,2.9313333333333333,0.5669663488796458,306.8493150684931,47,14,34,300,1,20,4.5,230.01534246575346,1.5,2,39.69097803703954,90,4,3
72,124187.4,221284,97096.6,8158,1000,700,500,0,2000,1021,2776,12611,33245,35085.6,3.5690967741935484,2.592722039473684,0.6746692101631626,192.24986301369862,18,18,42,420,1,50,4.666666666666667,270.0054794520548,2,3,32.34327550700706,100,37,4
13394,124281,250000,125719,20000,1000,500,0,0,564,655,0,20000,33000,50000,5,4,0.3616438356164383,255.7077625570776,17,1,35,375,1,58.75,8.25,466.6666666666667,2.25,4,32.34327550700706,100,30,4
13185,124800,149000,24200,4000,300,600,500,0,0,600,200,4000,14000,0,3.0408163265306123,1,0.34148572424156626,0,22,17,35,135,0,15,5,224.64285714285717,2,4,39.21614461130443,90,25,2
11188,125350,185000,59650,5000,1000,800,500,0,1000,600,1000,7000,15000,27750,5.285714285714286,2.949996237489653,0.30280571120409966,133.04794520547944,16,2,36,370,1,30,5,237.50479452054796,2,3,32.34327550700706,90,16,4
14896,126995,163000,36005,2000,200,800,1500,875,750,480,0,5000,12400,12000,4.2894736842105265,3.125,0.39633436374179815,83.68617683686175,4,4,38,375,1,8.333333333333334,5,218.1887920298879,2,3,29.8204857679417,60,20,5
15566,128250,220000,91750,5000,1500,2300,500,750,600,800,300,15000,30000,35000,4.4,3,0.44257112750263433,191.7808219178082,4,4,38,425,1,40,6,371.4285714285714,2.5,4,31.107390190274387,80,12,1
25,131280,212500,81220,4500,500,480,200,140,1600,700,1000,13000,16600,42500,5,2.888888888888889,0.4112924919652843,296.38854296388536,5,5,40,450,1,45,3.5,281.46849315068494,2.5,2,38.89958899414768,50,41,2
146,132922,300000,167078,64000,1000,1050,850,3000,250,1068,60,16800,25000,54000,5,3.36,0.2996575342465753,258.90410958904107,15,1,38,525,1,48.75,5,399.99999999999994,2.5,4,38.89958899414768,90,32,2
50,133310,262000,128690,40000,500,540,0,0,800,800,500,9700,30000,45850,4.5964912280701755,2.720897615708275,0.6024407456495172,270.55848261327714,6,1,38,375,1,35,4,293.85205479452054,2,3,38.89958899414768,100,37,2
11124,133490,280000,146510,15000,4000,20000,2000,10,1500,800,200,15000,30000,58000,3.5,2.5,0.597758405977584,296.62100456621005,10,5,36,370,1,67.5,6.75,256.6666666666667,2.5,4,39.69097803703954,99,17,3
13123,133990,220000,86010,10000,1000,600,0,35,400,475,500,15000,25000,33000,4.4,2.8291187177795694,0.35514462503830485,133.2372025955299,6,6,35,355,1,60,2,284.2145638067772,2,3,38.89958899414768,75,20,2
11878,135330,189000,53670,5000,1000,700,1000,400,1500,700,20,6000,9000,28350,4.5,2.8291187177795694,0.24924583353938973,155.34246575342465,28,3,34,315,1,41.25,8,197.85714285714286,2.25,4,38.89958899414768,100,33,2
14159,136900,197000,60100,22000,3000,1800,1500,200,1500,700,400,9000,20000,0,4.191489361702128,2.25,0.5114024481565769,0,15,15,37,375,0,30,5,200.00511415525114,2,3,39.69097803703954,100,35,3
10196,138593,225000,86407,6000,500,360,0,36,0,821,50,6050,36000,36590,4.5,3.025,0.7305787807451903,200.4931506849315,17,7,35,220,1,25,3.3333333333333335,270.0054794520548,6,3,26.124219430383125,90,43,6
118,138835,250000,111165,18000,1000,1800,1000,165,200,1000,1000,17000,25000,45000,4.166666666666667,3.5416666666666665,0.7376185458377239,265.5426765015806,4,4,38,450,1,35,9.75,200,1.5,4,31.334159611380915,75,30,4
14188,139890,210000,70110,3000,1500,600,0,60,400,700,250,15000,15000,33600,4.2,2.8291187177795694,0.2876657159999671,171.83561643835617,5,5,42,375,1,35,3.6666666666666665,266.6717808219178,2,3,38.89958899414768,90,45,2
11983,144000,250000,106000,3000,1000,800,2500,400,1000,800,1500,20000,30000,45000,5,3.0363344051446948,1.15064079733928,313.8231631382316,7,7,34,265,1,36.25,5,181.82515566625156,1.75,4,29.8204857679417,85,15,5
10842,144141,190000,45859,4000,2000,360,1000,800,0,1200,499,7000,12000,17000,4.75,3.888888888888889,0.30281182408074975,81.5068493150685,3,3,33,400,1,23.5,5,190.00000000000003,2,4,18.19514842124033,50,30,7
62,148380,252000,103620,10000,2500,600,2000,0,1200,1000,1000,18000,27000,40320,4.846153846153846,4.5,0.511405838414696,206.2027397260274,24,4,42,525,1,70,4.333333333333333,270.00511415525114,2,3,32.34327550700706,75,35,4
10103,152790,248000,95210,1000,500,800,1200,160,1000,800,0,11000,26000,52750,3.6470588235294117,3,0.31164010020427835,238.03384367445608,11,1,32,375,1,35,3,376.47510072522164,1.6666666666666667,3,31.107390190274387,99,28,1
11042,155600,320000,164400,4000,3000,2000,1000,1000,1000,500,500,36000,40000,75400,4.571428571428571,3,0.4794520547945205,241.00456621004562,1,1,46,997,1.4999999999999998,58.75,3.75,399.99999999999994,10,4,26.124219430383125,95,30,6
12366,158530,300000,141470,5000,2500,1870,2000,1500,600,1500,500,50000,25000,51000,5,7.6923076923076925,0.3424657534246575,177.83312577833124,32,6,42,550,1.2941176470588236,38.75,3.5,329.4117647058823,2.25,4,38.89958899414768,100,8,2
11107,162475,270000,107525,15000,0,525,1200,600,2000,1200,500,12000,34000,40500,4.5,2.949996237489653,0.49679639384264707,103.56164383561644,33,9,42,450,2,30,3,350.00511415525114,2,3,32.34327550700706,80,14,4
15588,163250,335000,171750,60000,500,1000,400,400,1000,1400,50,10000,40000,57000,5.153846153846154,2.9313333333333333,0.7194591209108866,257.21192586623687,22,1,34,355,1,70,5.25,250.88235294117646,2,4,39.69097803703954,100,40,3
11515,164130,245000,80870,7000,700,770,350,1200,0,700,400,10000,23000,36750,4.454545454545454,1.5384615384615385,0.4768604220659015,187.94520547945203,5,5,36,350,1,37.5,7.75,246.66666666666663,2,4,18.19514842124033,70,39,7
15371,165050,270000,104950,1800,1500,1500,200,5000,250,1500,200,14000,25000,54000,3.857142857142857,3,0.7375967832350573,258.90410958904107,23,8,42,900,1.6,40,5,260.0076712328767,6,3,18.19514842124033,80,25,7
89,166470,247000,80530,1200,1000,330,600,250,750,1100,250,7500,30500,37050,4.333333333333333,2.720348204570185,0.8730071108167011,218.63013698630135,17,5,34,375,1,26.666666666666668,6.333333333333333,206.15974710221286,2.3333333333333335,3,32.34327550700706,95,25,4
13614,167877,252000,84123,2500,1000,1210,1200,1335,1020,1008,2376,8500,31000,32974,4.064516129032258,2.949996237489653,0.5404638026236156,120.45296803652968,11,5,35,442,1.4,20,4.333333333333333,293.33844748858445,2,3,32.34327550700706,90,26,4
11821,168621.6,260002,91380.4,5000,300,2000,800,600,400,600,2000,8000,24600,47080.4,4.333366666666667,2.949996237489653,0.39314440180179766,225.72794520547944,6,6,40,400,1,8.333333333333334,3,300.004794520548,2,3,32.34327550700706,100,40,4
14390,168990,260000,91010,10000,1000,1950,1000,550,750,700,300,11000,21000,42760,4.333333333333333,0.6027397260273972,0.3632376333956232,102.5068493150685,10,10,40,475,2,67.5,4.75,277.1875,9,4,29.8204857679417,45,55,5
12068,177714,297250,119536,3000,1000,960,700,550,0,1200,0,21867,28551,61708,4.4200743494423795,2.733375,0.49777584059775837,249.14549387166545,2,2,38,600,1.1176470588235292,37.5,4,258.8235294117647,8,4,31.334159611380915,90,37,4
11529,186050,310000,123950,4500,1000,1050,200,100,350,1500,750,25000,27500,62000,4.428571428571429,3.5714285714285716,0.4394977168949772,297.2602739726027,27,4,35,210,1,105,4,299.99999999999994,20.5,4,31.107390190274387,100,34,1
11004,189400,320000,130600,10000,1200,600,2000,100,500,1200,1000,25000,25000,64000,4,2.9313333333333333,0.4735239244580518,409.13242009132415,19,6,36,300,0.8,50,3.6666666666666665,270.00511415525114,2,3,39.69097803703954,100,40,3
10190,190038.6,305000,114961.4,3500,350,700,150,36,820,963,100,9800,49378,49164.4,4.6923076923076925,3.025,0.8059364616729816,290.1165858798735,4,4,34,375,1,30,4.5,361.53846153846155,6,4,26.124219430383125,100,20,6
123,199408.4,309880,110471.6,5000,400,624,1512,0,360,6004,1500,14055,28337,52679.6,4.43445907269605,2.6786735277301315,0.6922921211063607,310.85959957850366,5,5,35,375,1,21.25,6.25,241.53846153846152,1.75,4,32.34327550700706,99.9,18,4
11663,211100,320000,108900,9000,3000,5000,3000,0,400,1000,300,12000,35000,40200,4.571428571428571,0.24,0.49264104866187625,220.27397260273972,25,2,38,375,1,40,1.125,389.29119373776916,10,3,18.19514842124033,90,9,7
11424,214280,427000,212720,70000,1500,1120,2000,0,2000,900,600,22000,34000,78600,4.186274509803922,2.3655913978494625,0.6687609938125559,401.97260273972597,11,1,35,375,1,35,3.6666666666666665,260.0051141552511,2,3,39.69097803703954,90,34,3
12182,232700,400000,167300,30000,500,2000,1000,50,500,1000,250,25000,40000,67000,4,2.9313333333333333,0.7867931155602388,428.310502283105,4,1,32,400,1,60,5,325,4,4,39.3744224198828,100,10,3
26,241100,345000,103900,8000,600,1050,1300,400,500,650,600,11000,33000,46800,4.3125,3.0555555555555554,0.7910579629743779,448.7671232876712,16,5,40,525,1,55,3,400.0191780821918,8,2,26.124219430383125,50,25,6
11869,248630,420000,171370,15000,1200,1600,1470,2600,1000,1000,700,20000,26000,100800,4.615384615384615,2.857142857142857,0.4155251141552511,241.6438356164383,7,7,42,800,2,52.5,4.25,299.99999999999994,2.75,4,38.89958899414768,75,50,2
128,251200,390000,138800,8000,1500,1000,500,100,1200,1700,500,18000,40000,66300,4.105263157894737,3.6,0.5114155251141553,231.1830635118306,3,3,38,375,1.6923076923076925,110,6.25,461.5384615384615,9.25,4,32.34327550700706,100,21,4
144,254950,400000,145050,3500,250,600,2000,1500,500,700,0,35000,35000,66000,4,3.5,0.8803054120817426,337.5342465753424,34,10,38,250,1,60,3,203.33333333333331,2,4,39.69097803703954,80,19,3
131,257056,466690,209634,58779,2000,1050,1911,2399,0,1290,2044,16378,28645,95138,4.406768457928481,2.801094578416282,0.4994146948941469,663.4779576587795,16,1,36,465,1,60,7.25,399.99999999999994,4,4,38.89958899414768,96,21,2
13619,257600,393000,135400,5000,500,1200,4500,0,0,1000,1000,15000,37000,70200,4.136842105263158,2.949996237489653,0.810958904109589,489.5641344956414,20,3,35,420,1,62.5,6.5,318.1818181818182,3,4,32.34327550700706,100,10,4
15552,260800,443000,182200,30000,1000,2400,500,0,2000,800,100,33000,38000,74400,4.763440860215054,2.9313333333333333,0.5715820574805265,335.7292506043513,13,2,42,600,1,60,4.5,299.99999999999994,2,4,39.69097803703954,100,55,3
12335,263370,401000,137630,12000,2000,1800,250,1700,0,1500,200,22000,24000,72180,4.26595744680851,2.8291187177795694,0.426179604261796,346.0684931506849,9,9,42,500,1,50,5,270,2,4,38.89958899414768,75,24,2
12780,271060,352000,80940,5000,3000,6000,3000,0,2000,1000,0,13000,15600,32340,4.888888888888889,4.0625,0.2136986301369863,88.6027397260274,5,5,40,997,2,60,5.5,400,10,4,22.952591026726004,100,50,6
12471,280265,454000,173735,26000,275,960,4000,0,2000,1000,700,30000,30000,78800,3.982456140350877,2.9313333333333333,0.4917376368962457,335.82952815829526,7,7,40,800,1,22.333333333333332,3.6666666666666665,260.00426179604256,11.333333333333334,3,39.69097803703954,100,53,3
15051,283700,405000,121300,5000,600,600,3000,2000,1600,1000,500,25000,25000,57000,4.764705882352941,3.125,0.47943366555803335,291.5068493150685,9,9,45,700,1.5,47.5,3,400.0153424657534,13.5,2,31.107390190274387,100,40,1
13117,287350,415000,127650,10000,1500,1950,0,2500,200,1000,500,12000,15000,83000,4.611111111111111,2.8291187177795694,0.22128556375131717,424.4748858447488,11,2,40,610,1,56.25,4,346.66666666666663,2,4,38.89958899414768,100,50,2
15342,296620,471000,174380,15000,2500,1280,500,200,2000,800,450,30000,50000,71650,4.243243243243243,3.3333333333333335,0.9242449249050999,261.7351598173516,16,16,42,600,1.4000000000000001,62.5,5.25,276.6666666666667,2.75,4,35.282356519020055,100,45,4
11006,469175,675000,205825,10000,1000,3000,300,25,400,900,200,25000,30000,135000,4.5,2.9313333333333333,0.33843674456083794,609.1861402095084,6,6,42,800,1,65,4,400,4.25,4,39.69097803703954,100,20,3
